episode_file,smoothness_score,smoothness_label,frames,success,action_hold_ratio,action_step_p95_mm,action_accel_p95,action_jerk_p95,action_reverse_ratio,ee_step_p95_mm,ee_accel_p95,ee_jerk_p95,ee_reverse_ratio,ee_hard_turn_ratio,gripper_switch_count,gripper_chatter_count,gripper_width_switch_count,suggestions
episode_00000.npz,99.357,Excellent,282,1,0.20284697508896798,13.108485175885928,5.962326831740902e-05,32.940435439335175,0.013452914798206279,4.551800093247542,0.10286002644889039,0.831800868991821,0.0035714285714285713,0.0035714285714285713,2,0,0,The trajectory looks stable overall and is suitable as a training baseline.
episode_00001.npz,99.357,Excellent,282,1,0.20284697508896798,13.207576927524332,5.960930120637896e-05,32.94043543933484,0.013452914798206279,4.6015550815256745,0.10422479139861232,0.8279045812496556,0.0035714285714285713,0.0035714285714285713,2,0,0,The trajectory looks stable overall and is suitable as a training baseline.
episode_00002.npz,99.357,Excellent,282,1,0.20284697508896798,13.171990987850092,5.960464477539061e-05,32.94043543924864,0.013452914798206279,4.586249092381758,0.10130484870696764,0.820452182911931,0.0035714285714285713,0.0035714285714285713,2,0,0,The trajectory looks stable overall and is suitable as a training baseline.
